event_month,ls_ret,n_d10,n_d1
0,0.001946737991266375,229,229
1,0.10349475109170306,229,229
2,0.037810112064301724,228,227
3,-0.004891502994821856,228,227
4,-0.00395412677868309,227,226
5,-0.011066457497876374,227,223
6,0.03601212533238085,227,222
7,-0.002295958348216054,227,222
8,-0.007564657271588474,226,219
9,-0.006024772534562213,225,217
10,0.05062102710308057,224,211
11,-0.01928498781416603,202,156
12,0.014445670761670748,37,44
